{
  "best_params": {
    "top_k": 20,
    "learning_rate": 0.001,
    "n_steps": 1024,
    "batch_size": 32,
    "n_epochs": 15,
    "gamma": 0.995,
    "gae_lambda": 0.95,
    "n_envs": 8
  },
  "best_score": 112.06666666666668,
  "all_results": [
    {
      "trial": 1,
      "params": {
        "top_k": 20,
        "learning_rate": 0.001,
        "n_steps": 4096,
        "batch_size": 32,
        "n_epochs": 15,
        "gamma": 0.99,
        "gae_lambda": 0.9,
        "n_envs": 2
      },
      "fixed_board_mean": 111.65,
      "fixed_board_scores": [
        99,
        122,
        130,
        127,
        114,
        118,
        121,
        121,
        102,
        108,
        86,
        111,
        119,
        94,
        100,
        127,
        117,
        96,
        98,
        123
      ],
      "random_board_mean": 109.9,
      "combined_score": 110.95
    },
    {
      "trial": 2,
      "params": {
        "top_k": 20,
        "learning_rate": 0.0001,
        "n_steps": 1024,
        "batch_size": 256,
        "n_epochs": 20,
        "gamma": 0.999,
        "gae_lambda": 0.95,
        "n_envs": 2
      },
      "fixed_board_mean": 108.65,
      "fixed_board_scores": [
        96,
        123,
        129,
        122,
        97,
        114,
        121,
        126,
        94,
        111,
        83,
        106,
        123,
        91,
        108,
        116,
        114,
        92,
        103,
        104
      ],
      "random_board_mean": 106.2,
      "combined_score": 107.67
    },
    {
      "trial": 3,
      "params": {
        "top_k": 10,
        "learning_rate": 0.0001,
        "n_steps": 2048,
        "batch_size": 64,
        "n_epochs": 5,
        "gamma": 0.995,
        "gae_lambda": 0.99,
        "n_envs": 8
      },
      "fixed_board_mean": 113.2,
      "fixed_board_scores": [
        109,
        112,
        130,
        121,
        87,
        114,
        120,
        133,
        102,
        114,
        91,
        113,
        146,
        89,
        117,
        134,
        109,
        92,
        97,
        134
      ],
      "random_board_mean": 109.03333333333333,
      "combined_score": 111.53333333333333
    },
    {
      "trial": 4,
      "params": {
        "top_k": 10,
        "learning_rate": 0.001,
        "n_steps": 2048,
        "batch_size": 64,
        "n_epochs": 15,
        "gamma": 0.999,
        "gae_lambda": 0.95,
        "n_envs": 4
      },
      "fixed_board_mean": 111.45,
      "fixed_board_scores": [
        119,
        117,
        123,
        127,
        103,
        110,
        123,
        117,
        99,
        119,
        89,
        109,
        117,
        107,
        97,
        131,
        106,
        99,
        100,
        117
      ],
      "random_board_mean": 111.33333333333333,
      "combined_score": 111.40333333333334
    },
    {
      "trial": 5,
      "params": {
        "top_k": 20,
        "learning_rate": 0.001,
        "n_steps": 1024,
        "batch_size": 32,
        "n_epochs": 15,
        "gamma": 0.99,
        "gae_lambda": 0.99,
        "n_envs": 8
      },
      "fixed_board_mean": 111.15,
      "fixed_board_scores": [
        116,
        121,
        124,
        120,
        112,
        110,
        118,
        114,
        102,
        122,
        81,
        105,
        134,
        99,
        98,
        121,
        106,
        100,
        99,
        121
      ],
      "random_board_mean": 108.36666666666666,
      "combined_score": 110.03666666666666
    },
    {
      "trial": 6,
      "params": {
        "top_k": 30,
        "learning_rate": 0.0001,
        "n_steps": 4096,
        "batch_size": 64,
        "n_epochs": 15,
        "gamma": 0.99,
        "gae_lambda": 0.9,
        "n_envs": 4
      },
      "fixed_board_mean": 107.4,
      "fixed_board_scores": [
        109,
        107,
        116,
        134,
        96,
        100,
        122,
        100,
        96,
        110,
        77,
        103,
        141,
        106,
        105,
        122,
        98,
        93,
        99,
        114
      ],
      "random_board_mean": 105.23333333333333,
      "combined_score": 106.53333333333333
    },
    {
      "trial": 7,
      "params": {
        "top_k": 20,
        "learning_rate": 0.0005,
        "n_steps": 1024,
        "batch_size": 128,
        "n_epochs": 5,
        "gamma": 0.999,
        "gae_lambda": 0.99,
        "n_envs": 8
      },
      "fixed_board_mean": 108.6,
      "fixed_board_scores": [
        103,
        129,
        129,
        115,
        103,
        103,
        121,
        103,
        94,
        120,
        85,
        119,
        112,
        107,
        92,
        118,
        104,
        96,
        103,
        116
      ],
      "random_board_mean": 110.13333333333334,
      "combined_score": 109.21333333333334
    },
    {
      "trial": 8,
      "params": {
        "top_k": 50,
        "learning_rate": 0.0001,
        "n_steps": 2048,
        "batch_size": 64,
        "n_epochs": 10,
        "gamma": 0.99,
        "gae_lambda": 0.99,
        "n_envs": 4
      },
      "fixed_board_mean": 107.75,
      "fixed_board_scores": [
        110,
        111,
        127,
        119,
        89,
        110,
        125,
        111,
        94,
        105,
        87,
        115,
        124,
        100,
        110,
        116,
        112,
        91,
        95,
        104
      ],
      "random_board_mean": 102.6,
      "combined_score": 105.69
    },
    {
      "trial": 9,
      "params": {
        "top_k": 50,
        "learning_rate": 0.0003,
        "n_steps": 2048,
        "batch_size": 128,
        "n_epochs": 20,
        "gamma": 0.99,
        "gae_lambda": 0.95,
        "n_envs": 8
      },
      "fixed_board_mean": 105.5,
      "fixed_board_scores": [
        102,
        120,
        118,
        123,
        85,
        104,
        119,
        110,
        90,
        105,
        77,
        111,
        127,
        101,
        95,
        118,
        106,
        95,
        96,
        108
      ],
      "random_board_mean": 115.43333333333334,
      "combined_score": 109.47333333333333
    },
    {
      "trial": 10,
      "params": {
        "top_k": 10,
        "learning_rate": 0.0003,
        "n_steps": 2048,
        "batch_size": 256,
        "n_epochs": 20,
        "gamma": 0.999,
        "gae_lambda": 0.97,
        "n_envs": 8
      },
      "fixed_board_mean": 110.6,
      "fixed_board_scores": [
        107,
        114,
        132,
        125,
        99,
        115,
        119,
        118,
        102,
        112,
        84,
        103,
        130,
        99,
        102,
        129,
        107,
        103,
        93,
        119
      ],
      "random_board_mean": 108.23333333333333,
      "combined_score": 109.65333333333334
    },
    {
      "trial": 11,
      "params": {
        "top_k": 20,
        "learning_rate": 0.001,
        "n_steps": 1024,
        "batch_size": 32,
        "n_epochs": 15,
        "gamma": 0.995,
        "gae_lambda": 0.95,
        "n_envs": 8
      },
      "fixed_board_mean": 112.0,
      "fixed_board_scores": [
        114,
        116,
        132,
        116,
        100,
        113,
        117,
        113,
        106,
        120,
        85,
        127,
        123,
        92,
        106,
        119,
        108,
        99,
        103,
        131
      ],
      "random_board_mean": 112.16666666666667,
      "combined_score": 112.06666666666668
    },
    {
      "trial": 12,
      "params": {
        "top_k": 50,
        "learning_rate": 0.001,
        "n_steps": 2048,
        "batch_size": 32,
        "n_epochs": 15,
        "gamma": 0.999,
        "gae_lambda": 0.99,
        "n_envs": 2
      },
      "fixed_board_mean": 105.95,